Anish Abraham Cherian,https://www.goethe.de/ins/in/en/kul/sup/fmi/aac.html
Anuj Malhotra &Suraj Prasad,https://www.goethe.de/ins/in/en/kul/sup/fmi/asp.html
Aroh Akunth,https://www.goethe.de/ins/in/en/kul/sup/fmi/ara.html
Arshi Irshad Ahmadzai,https://www.goethe.de/ins/in/en/kul/sup/fmi/aia.html
"Atufa Rais, Taiyab Hussain, Reshma Khatoon",https://www.goethe.de/ins/in/en/kul/sup/fmi/atr.html
Awdhesh Tamrakar,https://www.goethe.de/ins/in/en/kul/sup/fmi/awt.html
Bazik Thlana,https://www.goethe.de/ins/in/en/kul/sup/fmi/bat.html
Deepa Jayaraman,https://www.goethe.de/ins/in/en/kul/sup/fmi/dej.html
Hemavathy Guha,https://www.goethe.de/ins/in/en/kul/sup/fmi/heg.html
John Xaviers,https://www.goethe.de/ins/in/en/kul/sup/fmi/jox.html
Krishnapriya CP and Narendran K,https://www.goethe.de/ins/in/en/kul/sup/fmi/cpk.html
Madhurjya Dey,https://www.goethe.de/ins/in/en/kul/sup/fmi/mdd.html
MR Vishnuprasad,https://www.goethe.de/ins/in/en/kul/sup/fmi/mrv.html
Namoos Bukhari,https://www.goethe.de/ins/in/en/kul/sup/fmi/nab.html
Navkiran Natt,https://www.goethe.de/ins/in/en/kul/sup/fmi/nan.html
Nikita Teresa Sarkar,https://www.goethe.de/ins/in/en/kul/sup/fmi/nts.html
Rajyashri Goody,https://www.goethe.de/ins/in/en/kul/sup/fmi/rag.html
Ranjana Dave,https://www.goethe.de/ins/in/en/kul/sup/fmi/rad.html
Shraddha Borawake,https://www.goethe.de/ins/in/en/kul/sup/fmi/shb.html
Sonam Chaturvedi,https://www.goethe.de/ins/in/en/kul/sup/fmi/soc.html
Sujit Malik,https://www.goethe.de/ins/in/en/kul/sup/fmi/sum.html
Sukanya Ghosh,https://www.goethe.de/ins/in/en/kul/sup/fmi/sug.html
Sultana Zana,https://www.goethe.de/ins/in/en/kul/sup/fmi/suz.html
Suvani Suri,https://www.goethe.de/ins/in/en/kul/sup/fmi/sus.html
Suvendu Chatterjee,https://www.goethe.de/ins/in/en/kul/sup/fmi/svc.html
Vyom Mehta,https://www.goethe.de/ins/in/en/kul/sup/fmi/vkm.html