,31 Oct,1 Nov,2 Nov,3 Nov,4 Nov,5 Nov,6 Nov,7 Nov,8 Nov,9 Nov,10 Nov
,Sat,Sun,Mon,Tue,Wed,Thu,Fri,Sat,Sun,Mon,Tue
LIVE LINKS,,,,,,,,,,,
12 pm to 4 pm,,Traffic as a Metaphor - Zoom - 12 pm to 1 pm ,Moments Before the Fall - Youtube - all day,Moments Before the Fall - Youtube - all day,Moments Before the Fall - Youtube - all day till 9 pm,,,,Power & Pulp - Youtube ,Power & Pulp - Youtube ,Power & Pulp - Youtube 
,,,,,,,,,,,
4 pm to 8 pm,,Body-A-Fair - Zoom - 4 pm to 6 pm,,Lihaaf - Youtube,,,SilverFish - 5 pm to 7 pm,Comic Theorytelling - Youtube - 5.30 pm to 6.30 pm,Body-A-Fair - Zoom - 4 pm to 6 pm,,
,,,,,,ASL - mozilla hubs - 8 pm to 9 pm,ASL - mozilla hubs - 8 pm to 9 pm,Chaat Meets Science and Spirituality in Growing Urgency - Zoom - 7 pm,ASL - mozilla hubs - 7 pm to 8 pm ,Yarn Array - Youtube,
8 pm to 12 pm,,Moments Before the Fall - Youtube - 9 pm,,On mining the ear for the nearly-but-not-quite-there - Youtube - 9 pm,,,,,Kairoi Time Auction - Zoom,Dictonary of Nonsense - Zoom,On mining the ear for the nearly-but-not-quite-there - Youtube 
,,,,,,,,Bedbug Intimacy - zoom,,,Loss of Horizon and Other Converging Acts - zoom
PODCAST DROP,,,,,,Train No. 54703 - soundcloud,Train No. 54703 - soundcloud,Train No. 54703 - soundcloud,Train No. 54703 - soundcloud,Train No. 54703 - soundcloud,Train No. 54703 - soundcloud
,,Loss of Horizon and Other Converging Acts - soundcloud,Loss of Horizon and Other Converging Acts - soundcloud,Loss of Horizon and Other Converging Acts - soundcloud,Loss of Horizon and Other Converging Acts - soundcloud,Loss of Horizon and Other Converging Acts - soundcloud,Loss of Horizon and Other Converging Acts - soundcloud,Loss of Horizon and Other Converging Acts - soundcloud,Loss of Horizon and Other Converging Acts - soundcloud,Loss of Horizon and Other Converging Acts - soundcloud,
,,,,,,,,,,,Connecting the Lines - soundcloud
LATENT LINKS,,Coming out Party for the Androgynous Tree - website,Coming out Party for the Androgynous Tree - website,Coming out Party for the Androgynous Tree - website,Coming out Party for the Androgynous Tree - website,Coming out Party for the Androgynous Tree - website,Coming out Party for the Androgynous Tree - website,Coming out Party for the Androgynous Tree - website,Coming out Party for the Androgynous Tree - website,Coming out Party for the Androgynous Tree - website,Coming out Party for the Androgynous Tree - website
,,Shepard Tone - website,Shepard Tone - website,Shepard Tone - website,Shepard Tone - website,Shepard Tone - website,Shepard Tone - website,Shepard Tone - website,Shepard Tone - website,Shepard Tone - website,Shepard Tone - website
,,The Incident Network - app,The Incident Network - app,The Incident Network - app,The Incident Network - app,The Incident Network - app,The Incident Network - app,The Incident Network - app,The Incident Network - app,The Incident Network - app,The Incident Network - app
,,Head in the cloud - app,Head in the cloud - app,Head in the cloud - app,Head in the cloud - app,Head in the cloud - app,Head in the cloud - app,Head in the cloud - app,Head in the cloud - app,Head in the cloud - app,Head in the cloud - app
,,Pakistan se Pani - Instagram,Pakistan se Pani - Instagram,Pakistan se Pani - Instagram,Pakistan se Pani - Instagram,Pakistan se Pani - Instagram,Pakistan se Pani - Instagram,Pakistan se Pani - Instagram,Pakistan se Pani - Instagram,Pakistan se Pani - Instagram,Pakistan se Pani - Instagram
,,Garb-Age- Facebook,Garb-Age- Facebook,Garb-Age- Facebook,Garb-Age- Facebook,Garb-Age- Facebook,Garb-Age- Facebook,Garb-Age- Facebook,Garb-Age- Facebook,Garb-Age- Facebook,Garb-Age- Facebook
,,,,,,Reanimated Corpse - website,Reanimated Corpse - website,Reanimated Corpse - website,Reanimated Corpse - website,Reanimated Corpse - website,Reanimated Corpse - website
,,Kairoi time auction - website,Kairoi time auction - website,Kairoi time auction - website,Kairoi time auction - website,Kairoi time auction - website,Kairoi time auction - website,Kairoi time auction - website,Kairoi time auction - website,Kairoi time auction - website,Kairoi time auction - website
,,Bedbug Intimacy - phonecalls,Bedbug Intimacy - phonecalls,Bedbug Intimacy - phonecalls,Bedbug Intimacy - phonecalls,Bedbug Intimacy - phonecalls,Bedbug Intimacy - phonecalls,Bedbug Intimacy - phonecalls,Bedbug Intimacy - phonecalls,Bedbug Intimacy - phonecalls,Bedbug Intimacy - phonecalls
,,Dictionary of Nonsense - website,Dictionary of Nonsense - website,Dictionary of Nonsense - website,Dictionary of Nonsense - website,Dictionary of Nonsense - website,Dictionary of Nonsense - website,Dictionary of Nonsense - website,Dictionary of Nonsense - website,Dictionary of Nonsense - website,Dictionary of Nonsense - website
